,GEOID,mean,median,min,max,spatial_region
0,51003,90.08336727278432,90.53074607525254,33.971273960428995,145.60932309415398,counties
3548,51065,89.75844655518395,88.70756018441965,70.27273784734325,135.76025916890623,counties
4920,51079,87.74882713273122,88.35832292483357,45.19767040132496,121.53537669487883,counties
5663,51109,92.32178088108579,91.42219115022475,61.183250009318016,133.5039699558818,counties
7881,51125,80.99321072121043,81.1964951636076,44.94032833839664,119.74080772262437,counties
9930,51540,95.46352619920832,94.9425073772001,76.60024993040003,125.30416379360003,counties
