,min,max,mean,median,nodata,spatial_unit,GEOID,file
0,-189.66733625199998,113.85694137200001,74.86508120924162,79.32331810400008,0.0,counties,51001,LC08_L2SP_014034_20200722_20200911_02_T1_ST_B10_easternShore_clipped
0,67.95976881200005,123.430131788,93.86759158882484,92.08962280400002,0.0,counties,51131,LC08_L2SP_014034_20200722_20200911_02_T1_ST_B10_easternShore_clipped
